-- ============================================================================
-- Seed data for TaiUnt Mansion Park — mirrors the demo content currently
-- baked into project/data.js, so the app looks the same on day one.
-- Run this AFTER schema.sql (and after creating your admin auth user — see
-- database/SETUP.md for the full walkthrough).
-- ============================================================================

-- ── Rooms (36 rooms, 4 floors × 9) ──────────────────────────────────────────
insert into rooms (id, floor, number, type, status, rent, size, bed) values
('101',1,1,'monthly','occupied',4000,24,'เตียงคู่'),
('102',1,2,'monthly','occupied',4000,24,'เตียงคู่'),
('103',1,3,'monthly','vacant',4000,24,'เตียงคู่'),
('104',1,4,'monthly','occupied',4000,24,'เตียงคู่'),
('105',1,5,'monthly','occupied',4000,24,'เตียงคู่'),
('106',1,6,'monthly','booked',4000,24,'เตียงคู่'),
('107',1,7,'monthly','occupied',4000,24,'เตียงคู่'),
('108',1,8,'monthly','vacant',4000,24,'เตียงคู่'),
('109',1,9,'monthly','occupied',4000,24,'เตียงคู่'),
('201',2,1,'monthly','occupied',4000,24,'เตียงคู่'),
('202',2,2,'monthly','occupied',4000,24,'เตียงคู่'),
('203',2,3,'monthly','occupied',4000,24,'เตียงคู่'),
('204',2,4,'monthly','notice',4000,24,'เตียงคู่'),
('205',2,5,'monthly','occupied',4000,24,'เตียงคู่'),
('206',2,6,'monthly','occupied',4000,24,'เตียงคู่'),
('207',2,7,'monthly','vacant',4000,24,'เตียงคู่'),
('208',2,8,'monthly','occupied',4000,24,'เตียงคู่'),
('209',2,9,'monthly','occupied',4000,24,'เตียงคู่'),
('301',3,1,'monthly','occupied',4000,24,'เตียงคู่'),
('302',3,2,'monthly','vacant',4000,24,'เตียงคู่'),
('303',3,3,'monthly','occupied',4000,24,'เตียงคู่'),
('304',3,4,'monthly','occupied',4000,24,'เตียงคู่'),
('305',3,5,'monthly','occupied',4000,24,'เตียงคู่'),
('306',3,6,'monthly','occupied',4000,24,'เตียงคู่'),
('307',3,7,'monthly','booked',4000,24,'เตียงคู่'),
('308',3,8,'monthly','occupied',4000,24,'เตียงคู่'),
('309',3,9,'monthly','occupied',4000,24,'เตียงคู่'),
('401',4,1,'daily','occupied',500,18,'เตียงเดี่ยว'),
('402',4,2,'daily','vacant',500,18,'เตียงเดี่ยว'),
('403',4,3,'daily','booked',500,18,'เตียงเดี่ยว'),
('404',4,4,'daily','occupied',500,18,'เตียงเดี่ยว'),
('405',4,5,'daily','cleaning',500,18,'เตียงเดี่ยว'),
('406',4,6,'daily','vacant',500,18,'เตียงเดี่ยว'),
('407',4,7,'daily','occupied',500,18,'เตียงเดี่ยว'),
('408',4,8,'daily','occupied',500,18,'เตียงเดี่ยว'),
('409',4,9,'daily','vacant',500,18,'เตียงเดี่ยว');

-- ── Tenants (one per occupied/notice room) ──────────────────────────────────
-- NOTE: profile_id is left NULL here — link it once each tenant has signed up
-- (see SETUP.md "linking auth users to tenants").
insert into tenants (id, name, room_id, type, phone, id_card, check_in, deposit, status) values
('T0001','คุณสมชาย ใจดี','101','monthly','0812345671','1-1000-10000-10-0','2026-02-10',5000,'occupied'),
('T0002','คุณสมหญิง รักดี','102','monthly','0812345672','1-1001-10007-11-1','2026-01-15',5000,'occupied'),
('T0003','คุณปริญญา พงศ์ศักดิ์','104','monthly','0812345673','1-1002-10014-12-2','2026-03-02',5000,'occupied'),
('T0004','คุณณัฐวุฒิ วงศ์สุข','105','monthly','0812345674','1-1003-10021-13-3','2026-02-20',5000,'occupied'),
('T0005','คุณพิมพ์ชนก ใจดี','107','monthly','0812345675','1-1004-10028-14-4','2026-01-28',5000,'occupied'),
('T0006','คุณธนพร เจริญพร','109','monthly','0812345676','1-1005-10035-15-5','2026-03-15',5000,'occupied'),
('T0007','คุณกิตติพงษ์ ทองคำ','201','monthly','0812345677','1-1006-10042-16-6','2026-02-05',5000,'occupied'),
('T0008','คุณอรอนงค์ พงศ์ศักดิ์','202','monthly','0812345678','1-1007-10049-17-7','2026-01-10',5000,'occupied'),
('T0009','คุณวรพล ศรีสุข','203','monthly','0812345679','1-1008-10056-18-8','2026-02-10',5000,'occupied'),
('T0010','คุณชนาภัทร สายทอง','204','monthly','0812345680','1-1009-10063-19-0','2026-01-20',5000,'notice'),
('T0011','คุณเมธี ศรีวิชัย','205','monthly','0812345681','1-1010-10070-10-1','2026-03-08',5000,'occupied'),
('T0012','คุณสุพรรษา พรหมมา','206','monthly','0812345682','1-1011-10077-11-2','2026-02-25',5000,'occupied'),
('T0013','คุณปรีชา ใจดี','208','monthly','0812345683','1-1012-10084-12-3','2026-01-05',5000,'occupied'),
('T0014','คุณภัทรดา รักดี','209','monthly','0812345684','1-1013-10091-13-4','2026-02-14',5000,'occupied'),
('T0015','คุณกฤษดา พงศ์ศักดิ์','301','monthly','0812345685','1-1014-10098-14-5','2026-03-20',5000,'occupied'),
('T0016','คุณลลิตา วงศ์สุข','303','monthly','0812345686','1-1015-10005-15-6','2026-01-12',5000,'occupied'),
('T0017','คุณธีระ ศรีสุข','304','monthly','0812345687','1-1016-10012-16-7','2026-02-18',5000,'occupied'),
('T0018','คุณนันท์นภัส ทองคำ','305','monthly','0812345688','1-1017-10019-17-8','2026-03-01',5000,'occupied'),
('T0019','คุณอาทิตย์ เจริญพร','306','monthly','0812345689','1-1018-10026-18-0','2026-01-25',5000,'occupied'),
('T0020','คุณปัทมา สายทอง','308','monthly','0812345690','1-1019-10033-19-1','2026-02-28',5000,'occupied'),
('T0021','คุณสมชาย ศรีวิชัย','309','monthly','0812345691','1-1020-10040-10-2','2026-03-12',5000,'occupied'),
('T0022','คุณสมหญิง พรหมมา','401','daily','0812345692','1-1021-10047-11-3','2026-06-01',200,'occupied'),
('T0023','คุณปริญญา ใจดี','404','daily','0812345693','1-1022-10054-12-4','2026-06-03',200,'occupied'),
('T0024','คุณณัฐวุฒิ รักดี','407','daily','0812345694','1-1023-10061-13-5','2026-06-04',200,'occupied'),
('T0025','คุณพิมพ์ชนก พงศ์ศักดิ์','408','daily','0812345695','1-1024-10068-14-6','2026-06-05',200,'occupied');

-- ── Sample invoices (a handful — add more from the Billing screen later) ────
insert into invoices (id, tenant_id, room_id, type, period, issue_date, due_date, total, status, paid_at, payment_method) values
('INV-2026-05-001','T0001','101','monthly','พฤษภาคม 2569','2026-05-25','2026-06-05',5210,'paid','2026-05-20','โอนผ่าน QR PromptPay'),
('INV-2026-05-002','T0002','102','monthly','พฤษภาคม 2569','2026-05-25','2026-06-05',5365,'pending',null,null),
('INV-2026-05-003','T0003','104','monthly','พฤษภาคม 2569','2026-05-25','2026-06-05',5875,'overdue',null,null),
('INV-2026-05-004','T0009','203','monthly','พฤษภาคม 2569','2026-05-25','2026-06-05',6145,'pending',null,null);

insert into invoice_items (invoice_id, label, qty, unit, price, amount) values
('INV-2026-05-001','ค่าเช่าห้อง (พ.ค. 2569)',1,'เดือน',4000,4000),
('INV-2026-05-001','ค่าน้ำประปา',4,'หน่วย',25,100),
('INV-2026-05-001','ค่าไฟฟ้า',111,'หน่วย',10,1110),
('INV-2026-05-002','ค่าเช่าห้อง (พ.ค. 2569)',1,'เดือน',4000,4000),
('INV-2026-05-002','ค่าน้ำประปา',5,'หน่วย',25,125),
('INV-2026-05-002','ค่าไฟฟ้า',124,'หน่วย',10,1240),
('INV-2026-05-003','ค่าเช่าห้อง (พ.ค. 2569)',1,'เดือน',4000,4000),
('INV-2026-05-003','ค่าน้ำประปา',6,'หน่วย',25,150),
('INV-2026-05-003','ค่าไฟฟ้า',172,'หน่วย',10,1720),
('INV-2026-05-003','ค่าบริการอินเตอร์เน็ต',1,'เดือน',200,200),
('INV-2026-05-004','ค่าเช่าห้อง (พ.ค. 2569)',1,'เดือน',4000,4000),
('INV-2026-05-004','ค่าน้ำประปา',7,'หน่วย',25,175),
('INV-2026-05-004','ค่าไฟฟ้า',197,'หน่วย',10,1970);

-- ── Repairs ──────────────────────────────────────────────────────────────────
insert into repairs (id, room_id, tenant_id, type, category, issue, reported_at, status, priority, assignee, completed_at) values
('RPR-2026-038','203','T0009','monthly','แอร์','แอร์ไม่เย็น มีน้ำหยด','2026-05-24 09:12','in-progress','high','ช่างสมศักดิ์',null),
('RPR-2026-037','305','T0018','monthly','ไฟฟ้า','ปลั๊กในห้องน้ำใช้ไม่ได้','2026-05-23 18:40','pending','medium',null,null),
('RPR-2026-036','402','T0023','daily','ประปา','ก๊อกน้ำในห้องน้ำรั่ว','2026-05-23 14:05','done','low','ช่างวินัย','2026-05-24 11:00'),
('RPR-2026-035','108',null,'monthly','อื่นๆ','ประตูตู้เสื้อผ้าหลุด','2026-05-22 21:30','pending','low',null,null);

-- ── Promotions & announcements ──────────────────────────────────────────────
insert into promotions (id, title, body, cover, tag, published, channels, status) values
('PRM-01','จองล่วงหน้า 3 เดือน รับส่วนลด 10%','จองและชำระค่ามัดจำภายใน 31 พ.ค. นี้ รับส่วนลดค่าเช่าเดือนแรกทันที 10% สำหรับห้องรายเดือนทุกประเภท','green','แนะนำ','2026-05-20',array['line','fb','web'],'live'),
('PRM-02','รายวัน 4 คืน เหลือ 1,800 บาท','แพ็คเกจรายวัน 4 คืน เพียง 1,800 บาท (ปกติ 2,000) ฟรี WiFi และที่จอดรถ','lime','ใหม่','2026-05-18',array['line','fb'],'live'),
('PRM-03','ค่าน้ำค่าไฟเดือนแรกบ้านพี่ออก','สำหรับผู้เข้าพักใหม่รายเดือน ทางหอจะคิดค่าน้ำค่าไฟเดือนแรกให้ฟรี (สูงสุด 800 บาท)','forest','พิเศษ','2026-05-12',array['line','web'],'live'),
('PRM-04','ชวนเพื่อน รับเครดิต 500 บาท','แนะนำเพื่อนเข้าพักรายเดือน รับเครดิตคนละ 500 บาท นำไปใช้ลดค่าเช่าเดือนถัดไป','sage','รีเฟอร์รัล','2026-05-05',array['line'],'scheduled');

insert into announcements (id, title, body, date) values
('ANN-01','แจ้งตัดน้ำชั่วคราว 28 พ.ค.','การประปาแจ้งซ่อมท่อ จะหยุดจ่ายน้ำชั่วคราว 09:00–13:00 ขออภัยในความไม่สะดวก','2026-05-26'),
('ANN-02','ปรับเวลาเข้าออกประตูหลัก','เริ่ม 1 มิ.ย. 69 ประตูหลักจะปิดอัตโนมัติเวลา 23:00 ผู้เข้าพักโปรดใช้คีย์การ์ดผ่านประตูข้าง','2026-05-24');

-- ── Room assets (TV / AC / fridge / mattress per room) ──────────────────────
insert into asset_items (room_id, kind, label, brand, detail, spec, year, condition) values
('101', 'tv', 'ทีวี', 'Samsung', 'Smart TV', '43"', 2020, 'good'),
('101', 'ac', 'แอร์', 'Mitsubishi', 'Mr.Slim', '18,000 BTU', 2019, 'good'),
('101', 'fridge', 'ตู้เย็น', 'Toshiba', 'GR-B22', '6.4 คิว', 2020, 'fair'),
('101', 'mattress', 'ฟูก', 'Lotus', 'หนา 6 นิ้ว', '5 ฟุต', 2021, 'good'),
('102', 'tv', 'ทีวี', 'LG', 'Smart TV', '32"', 2021, 'good'),
('102', 'ac', 'แอร์', 'Daikin', 'Smile', '12,000 BTU', 2020, 'good'),
('102', 'fridge', 'ตู้เย็น', 'Samsung', 'RT20', '7.4 คิว', 2021, 'good'),
('102', 'mattress', 'ฟูก', 'Lotus', 'หนา 3.5 นิ้ว', '5 ฟุต', 2022, 'good'),
('103', 'tv', 'ทีวี', 'Sony', 'LCD', '32"', 2022, 'good'),
('103', 'ac', 'แอร์', 'Samsung', 'WindFree', '12,000 BTU', 2021, 'fair'),
('103', 'fridge', 'ตู้เย็น', 'Haier', 'HR-CEQ15', '5.2 คิว', 2022, 'repair'),
('103', 'mattress', 'ฟูก', 'Lotus', 'หนา 6 นิ้ว', '5 ฟุต', 2023, 'good'),
('104', 'tv', 'ทีวี', 'TCL', 'LCD', '24"', 2023, 'good'),
('104', 'ac', 'แอร์', 'Haier', 'Clean Cool', '18,000 BTU', 2022, 'good'),
('104', 'fridge', 'ตู้เย็น', 'Mitsubishi', 'MR-14', '4.8 คิว', 2023, 'good'),
('104', 'mattress', 'ฟูก', 'Lotus', 'หนา 3.5 นิ้ว', '5 ฟุต', 2024, 'fair'),
('105', 'tv', 'ทีวี', 'Hisense', 'Smart TV', '50"', 2024, 'fair'),
('105', 'ac', 'แอร์', 'LG', 'Dual Inverter', '12,000 BTU', 2023, 'repair'),
('105', 'fridge', 'ตู้เย็น', 'Sharp', 'SJ-C19', '6.5 คิว', 2024, 'good'),
('105', 'mattress', 'ฟูก', 'Lotus', 'หนา 6 นิ้ว', '5 ฟุต', 2021, 'good'),
('106', 'tv', 'ทีวี', 'Samsung', 'Smart TV', '43"', 2025, 'good'),
('106', 'ac', 'แอร์', 'Mitsubishi', 'Mr.Slim', '12,000 BTU', 2024, 'good'),
('106', 'fridge', 'ตู้เย็น', 'Toshiba', 'GR-B22', '6.4 คิว', 2020, 'good'),
('106', 'mattress', 'ฟูก', 'Lotus', 'หนา 3.5 นิ้ว', '5 ฟุต', 2022, 'repair'),
('107', 'tv', 'ทีวี', 'LG', 'Smart TV', '32"', 2020, 'repair'),
('107', 'ac', 'แอร์', 'Daikin', 'Smile', '18,000 BTU', 2025, 'good'),
('107', 'fridge', 'ตู้เย็น', 'Samsung', 'RT20', '7.4 คิว', 2021, 'good'),
('107', 'mattress', 'ฟูก', 'Lotus', 'หนา 6 นิ้ว', '5 ฟุต', 2023, 'good'),
('108', 'tv', 'ทีวี', 'Sony', 'LCD', '32"', 2021, 'good'),
('108', 'ac', 'แอร์', 'Samsung', 'WindFree', '12,000 BTU', 2019, 'good'),
('108', 'fridge', 'ตู้เย็น', 'Haier', 'HR-CEQ15', '5.2 คิว', 2022, 'fair'),
('108', 'mattress', 'ฟูก', 'Lotus', 'หนา 3.5 นิ้ว', '5 ฟุต', 2024, 'good'),
('109', 'tv', 'ทีวี', 'TCL', 'LCD', '24"', 2022, 'good'),
('109', 'ac', 'แอร์', 'Haier', 'Clean Cool', '12,000 BTU', 2020, 'good'),
('109', 'fridge', 'ตู้เย็น', 'Mitsubishi', 'MR-14', '4.8 คิว', 2023, 'good'),
('109', 'mattress', 'ฟูก', 'Lotus', 'หนา 6 นิ้ว', '5 ฟุต', 2021, 'good'),
('201', 'tv', 'ทีวี', 'Hisense', 'Smart TV', '50"', 2023, 'good'),
('201', 'ac', 'แอร์', 'LG', 'Dual Inverter', '18,000 BTU', 2021, 'fair'),
('201', 'fridge', 'ตู้เย็น', 'Sharp', 'SJ-C19', '6.5 คิว', 2024, 'repair'),
('201', 'mattress', 'ฟูก', 'Lotus', 'หนา 3.5 นิ้ว', '5 ฟุต', 2022, 'good'),
('202', 'tv', 'ทีวี', 'Samsung', 'Smart TV', '43"', 2024, 'good'),
('202', 'ac', 'แอร์', 'Mitsubishi', 'Mr.Slim', '12,000 BTU', 2022, 'good'),
('202', 'fridge', 'ตู้เย็น', 'Toshiba', 'GR-B22', '6.4 คิว', 2020, 'good'),
('202', 'mattress', 'ฟูก', 'Lotus', 'หนา 6 นิ้ว', '5 ฟุต', 2023, 'fair'),
('203', 'tv', 'ทีวี', 'LG', 'Smart TV', '32"', 2025, 'fair'),
('203', 'ac', 'แอร์', 'Daikin', 'Smile', '12,000 BTU', 2023, 'repair'),
('203', 'fridge', 'ตู้เย็น', 'Samsung', 'RT20', '7.4 คิว', 2021, 'good'),
('203', 'mattress', 'ฟูก', 'Lotus', 'หนา 3.5 นิ้ว', '5 ฟุต', 2024, 'good'),
('204', 'tv', 'ทีวี', 'Sony', 'LCD', '32"', 2020, 'good'),
('204', 'ac', 'แอร์', 'Samsung', 'WindFree', '18,000 BTU', 2024, 'good'),
('204', 'fridge', 'ตู้เย็น', 'Haier', 'HR-CEQ15', '5.2 คิว', 2022, 'good'),
('204', 'mattress', 'ฟูก', 'Lotus', 'หนา 6 นิ้ว', '5 ฟุต', 2021, 'repair'),
('205', 'tv', 'ทีวี', 'TCL', 'LCD', '24"', 2021, 'repair'),
('205', 'ac', 'แอร์', 'Haier', 'Clean Cool', '12,000 BTU', 2025, 'good'),
('205', 'fridge', 'ตู้เย็น', 'Mitsubishi', 'MR-14', '4.8 คิว', 2023, 'good'),
('205', 'mattress', 'ฟูก', 'Lotus', 'หนา 3.5 นิ้ว', '5 ฟุต', 2022, 'good'),
('206', 'tv', 'ทีวี', 'Hisense', 'Smart TV', '50"', 2022, 'good'),
('206', 'ac', 'แอร์', 'LG', 'Dual Inverter', '12,000 BTU', 2019, 'good'),
('206', 'fridge', 'ตู้เย็น', 'Sharp', 'SJ-C19', '6.5 คิว', 2024, 'fair'),
('206', 'mattress', 'ฟูก', 'Lotus', 'หนา 6 นิ้ว', '5 ฟุต', 2023, 'good'),
('207', 'tv', 'ทีวี', 'Samsung', 'Smart TV', '43"', 2023, 'good'),
('207', 'ac', 'แอร์', 'Mitsubishi', 'Mr.Slim', '18,000 BTU', 2020, 'good'),
('207', 'fridge', 'ตู้เย็น', 'Toshiba', 'GR-B22', '6.4 คิว', 2020, 'good'),
('207', 'mattress', 'ฟูก', 'Lotus', 'หนา 3.5 นิ้ว', '5 ฟุต', 2024, 'good'),
('208', 'tv', 'ทีวี', 'LG', 'Smart TV', '32"', 2024, 'good'),
('208', 'ac', 'แอร์', 'Daikin', 'Smile', '12,000 BTU', 2021, 'fair'),
('208', 'fridge', 'ตู้เย็น', 'Samsung', 'RT20', '7.4 คิว', 2021, 'repair'),
('208', 'mattress', 'ฟูก', 'Lotus', 'หนา 6 นิ้ว', '5 ฟุต', 2021, 'good'),
('209', 'tv', 'ทีวี', 'Sony', 'LCD', '32"', 2025, 'good'),
('209', 'ac', 'แอร์', 'Samsung', 'WindFree', '12,000 BTU', 2022, 'good'),
('209', 'fridge', 'ตู้เย็น', 'Haier', 'HR-CEQ15', '5.2 คิว', 2022, 'good'),
('209', 'mattress', 'ฟูก', 'Lotus', 'หนา 3.5 นิ้ว', '5 ฟุต', 2022, 'fair'),
('301', 'tv', 'ทีวี', 'TCL', 'LCD', '24"', 2020, 'fair'),
('301', 'ac', 'แอร์', 'Haier', 'Clean Cool', '18,000 BTU', 2023, 'repair'),
('301', 'fridge', 'ตู้เย็น', 'Mitsubishi', 'MR-14', '4.8 คิว', 2023, 'good'),
('301', 'mattress', 'ฟูก', 'Lotus', 'หนา 6 นิ้ว', '5 ฟุต', 2023, 'good'),
('302', 'tv', 'ทีวี', 'Hisense', 'Smart TV', '50"', 2021, 'good'),
('302', 'ac', 'แอร์', 'LG', 'Dual Inverter', '12,000 BTU', 2024, 'good'),
('302', 'fridge', 'ตู้เย็น', 'Sharp', 'SJ-C19', '6.5 คิว', 2024, 'good'),
('302', 'mattress', 'ฟูก', 'Lotus', 'หนา 3.5 นิ้ว', '5 ฟุต', 2024, 'repair'),
('303', 'tv', 'ทีวี', 'Samsung', 'Smart TV', '43"', 2022, 'repair'),
('303', 'ac', 'แอร์', 'Mitsubishi', 'Mr.Slim', '12,000 BTU', 2025, 'good'),
('303', 'fridge', 'ตู้เย็น', 'Toshiba', 'GR-B22', '6.4 คิว', 2020, 'good'),
('303', 'mattress', 'ฟูก', 'Lotus', 'หนา 6 นิ้ว', '5 ฟุต', 2021, 'good'),
('304', 'tv', 'ทีวี', 'LG', 'Smart TV', '32"', 2023, 'good'),
('304', 'ac', 'แอร์', 'Daikin', 'Smile', '18,000 BTU', 2019, 'good'),
('304', 'fridge', 'ตู้เย็น', 'Samsung', 'RT20', '7.4 คิว', 2021, 'fair'),
('304', 'mattress', 'ฟูก', 'Lotus', 'หนา 3.5 นิ้ว', '5 ฟุต', 2022, 'good'),
('305', 'tv', 'ทีวี', 'Sony', 'LCD', '32"', 2024, 'good'),
('305', 'ac', 'แอร์', 'Samsung', 'WindFree', '12,000 BTU', 2020, 'good'),
('305', 'fridge', 'ตู้เย็น', 'Haier', 'HR-CEQ15', '5.2 คิว', 2022, 'good'),
('305', 'mattress', 'ฟูก', 'Lotus', 'หนา 6 นิ้ว', '5 ฟุต', 2023, 'good'),
('306', 'tv', 'ทีวี', 'TCL', 'LCD', '24"', 2025, 'good'),
('306', 'ac', 'แอร์', 'Haier', 'Clean Cool', '12,000 BTU', 2021, 'fair'),
('306', 'fridge', 'ตู้เย็น', 'Mitsubishi', 'MR-14', '4.8 คิว', 2023, 'repair'),
('306', 'mattress', 'ฟูก', 'Lotus', 'หนา 3.5 นิ้ว', '5 ฟุต', 2024, 'good'),
('307', 'tv', 'ทีวี', 'Hisense', 'Smart TV', '50"', 2020, 'good'),
('307', 'ac', 'แอร์', 'LG', 'Dual Inverter', '18,000 BTU', 2022, 'good'),
('307', 'fridge', 'ตู้เย็น', 'Sharp', 'SJ-C19', '6.5 คิว', 2024, 'good'),
('307', 'mattress', 'ฟูก', 'Lotus', 'หนา 6 นิ้ว', '5 ฟุต', 2021, 'fair'),
('308', 'tv', 'ทีวี', 'Samsung', 'Smart TV', '43"', 2021, 'fair'),
('308', 'ac', 'แอร์', 'Mitsubishi', 'Mr.Slim', '12,000 BTU', 2023, 'repair'),
('308', 'fridge', 'ตู้เย็น', 'Toshiba', 'GR-B22', '6.4 คิว', 2020, 'good'),
('308', 'mattress', 'ฟูก', 'Lotus', 'หนา 3.5 นิ้ว', '5 ฟุต', 2022, 'good'),
('309', 'tv', 'ทีวี', 'LG', 'Smart TV', '32"', 2022, 'good'),
('309', 'ac', 'แอร์', 'Daikin', 'Smile', '12,000 BTU', 2024, 'good'),
('309', 'fridge', 'ตู้เย็น', 'Samsung', 'RT20', '7.4 คิว', 2021, 'good'),
('309', 'mattress', 'ฟูก', 'Lotus', 'หนา 6 นิ้ว', '5 ฟุต', 2023, 'repair'),
('401', 'tv', 'ทีวี', 'Sony', 'LCD', '32"', 2023, 'repair'),
('401', 'ac', 'แอร์', 'Samsung', 'WindFree', '18,000 BTU', 2025, 'good'),
('401', 'fridge', 'ตู้เย็น', 'Haier', 'HR-CEQ15', '5.2 คิว', 2022, 'good'),
('401', 'mattress', 'ฟูก', 'Lotus', 'หนา 3.5 นิ้ว', '3.5 ฟุต', 2024, 'good'),
('402', 'tv', 'ทีวี', 'TCL', 'LCD', '24"', 2024, 'good'),
('402', 'ac', 'แอร์', 'Haier', 'Clean Cool', '12,000 BTU', 2019, 'good'),
('402', 'fridge', 'ตู้เย็น', 'Mitsubishi', 'MR-14', '4.8 คิว', 2023, 'fair'),
('402', 'mattress', 'ฟูก', 'Lotus', 'หนา 3.5 นิ้ว', '3.5 ฟุต', 2021, 'good'),
('403', 'tv', 'ทีวี', 'Hisense', 'Smart TV', '50"', 2025, 'good'),
('403', 'ac', 'แอร์', 'LG', 'Dual Inverter', '12,000 BTU', 2020, 'good'),
('403', 'fridge', 'ตู้เย็น', 'Sharp', 'SJ-C19', '6.5 คิว', 2024, 'good'),
('403', 'mattress', 'ฟูก', 'Lotus', 'หนา 3.5 นิ้ว', '3.5 ฟุต', 2022, 'good'),
('404', 'tv', 'ทีวี', 'Samsung', 'Smart TV', '43"', 2020, 'good'),
('404', 'ac', 'แอร์', 'Mitsubishi', 'Mr.Slim', '18,000 BTU', 2021, 'fair'),
('404', 'fridge', 'ตู้เย็น', 'Toshiba', 'GR-B22', '6.4 คิว', 2020, 'repair'),
('404', 'mattress', 'ฟูก', 'Lotus', 'หนา 3.5 นิ้ว', '3.5 ฟุต', 2023, 'good'),
('405', 'tv', 'ทีวี', 'LG', 'Smart TV', '32"', 2021, 'good'),
('405', 'ac', 'แอร์', 'Daikin', 'Smile', '12,000 BTU', 2022, 'good'),
('405', 'fridge', 'ตู้เย็น', 'Samsung', 'RT20', '7.4 คิว', 2021, 'good'),
('405', 'mattress', 'ฟูก', 'Lotus', 'หนา 3.5 นิ้ว', '3.5 ฟุต', 2024, 'fair'),
('406', 'tv', 'ทีวี', 'Sony', 'LCD', '32"', 2022, 'fair'),
('406', 'ac', 'แอร์', 'Samsung', 'WindFree', '12,000 BTU', 2023, 'repair'),
('406', 'fridge', 'ตู้เย็น', 'Haier', 'HR-CEQ15', '5.2 คิว', 2022, 'good'),
('406', 'mattress', 'ฟูก', 'Lotus', 'หนา 3.5 นิ้ว', '3.5 ฟุต', 2021, 'good'),
('407', 'tv', 'ทีวี', 'TCL', 'LCD', '24"', 2023, 'good'),
('407', 'ac', 'แอร์', 'Haier', 'Clean Cool', '18,000 BTU', 2024, 'good'),
('407', 'fridge', 'ตู้เย็น', 'Mitsubishi', 'MR-14', '4.8 คิว', 2023, 'good'),
('407', 'mattress', 'ฟูก', 'Lotus', 'หนา 3.5 นิ้ว', '3.5 ฟุต', 2022, 'repair'),
('408', 'tv', 'ทีวี', 'Hisense', 'Smart TV', '50"', 2024, 'repair'),
('408', 'ac', 'แอร์', 'LG', 'Dual Inverter', '12,000 BTU', 2025, 'good'),
('408', 'fridge', 'ตู้เย็น', 'Sharp', 'SJ-C19', '6.5 คิว', 2024, 'good'),
('408', 'mattress', 'ฟูก', 'Lotus', 'หนา 3.5 นิ้ว', '3.5 ฟุต', 2023, 'good'),
('409', 'tv', 'ทีวี', 'Samsung', 'Smart TV', '43"', 2025, 'good'),
('409', 'ac', 'แอร์', 'Mitsubishi', 'Mr.Slim', '12,000 BTU', 2019, 'good'),
('409', 'fridge', 'ตู้เย็น', 'Toshiba', 'GR-B22', '6.4 คิว', 2020, 'fair'),
('409', 'mattress', 'ฟูก', 'Lotus', 'หนา 3.5 นิ้ว', '3.5 ฟุต', 2024, 'good');

-- ── Maintenance stock ────────────────────────────────────────────────────────
insert into stock_items (sku, name, cat, unit, qty, reorder, cost) values
('PB-001','ก๊อกน้ำอ่างล้างหน้า','ประปา','ตัว',14,5,320),
('PB-002','ฝักบัวอาบน้ำ','ประปา','ชุด',9,4,450),
('PB-004','สายชำระครบชุด','ประปา','ชุด',18,6,250),
('PB-005','หัวชำระ','ประปา','หัว',22,8,90),
('EL-001','หลอดไฟ LED 9W','ไฟฟ้า','หลอด',48,20,55),
('EL-002','สวิตช์ไฟ','ไฟฟ้า','ตัว',12,6,85),
('AC-001','รีโมตแอร์ (universal)','แอร์','ตัว',5,3,220),
('GN-001','มือจับประตู','อื่นๆ','ตัว',8,4,130);

-- ── Work orders ──────────────────────────────────────────────────────────────
insert into work_orders (id, kind, title, location, room_id, asset_kind, asset_name, symptom, vendor, start_date, end_date, status, cost, paid, warranty_months, warranty_until, repair_ref) values
('WO-2026-031','repair','ซ่อมแอร์ไม่เย็น มีน้ำหยด','room','203','ac','Mitsubishi Mr.Slim 12,000 BTU','คอมเพรสเซอร์ทำงานแต่ไม่เย็น น้ำหยดจากตัวเครื่อง คาดว่าน้ำยารั่ว','ช่างแอร์ ก.เย็นสบาย','2026-05-25','2026-05-26','in-progress',1200,false,3,null,'RPR-2026-038'),
('WO-2026-030','repair','เปลี่ยนก๊อกน้ำอ่างล้างหน้า','room','402','plumbing','ก๊อกน้ำอ่างล้างหน้า','ก๊อกรั่วซึมบริเวณข้อต่อ น้ำไหลตลอด','ช่างวินัย (ในหอ)','2026-05-23','2026-05-24','done',450,true,1,'2026-06-24','RPR-2026-036');

-- ── Payroll ──────────────────────────────────────────────────────────────────
insert into employees (id, name, role, pay_type, rate, days, advance, note) values
('EMP-01','สมศักดิ์ ช่างเย็น','ช่างซ่อมบำรุง','monthly',15000,null,3000,'ช่างแอร์ประจำ'),
('EMP-02','วินัย รักงาน','ช่างทั่วไป','monthly',13000,null,0,'ช่างประปา/ไฟฟ้า'),
('EMP-03','มาลี สะอาดดี','แม่บ้าน','daily',380,24,1000,'ทำความสะอาดส่วนกลาง'),
('EMP-04','สมหมาย ยามดี','รปภ.','monthly',12000,null,0,'กะกลางคืน'),
('EMP-05','ประไพ ดูแลดี','แม่บ้าน','daily',380,22,0,'ทำความสะอาดห้องว่าง'),
('EMP-06','อนงค์ บัญชีเก่ง','ธุรการ/เก็บเงิน','monthly',14000,null,2000,'ดูแลใบแจ้งหนี้');

-- ── Operating expenses ───────────────────────────────────────────────────────
insert into opex (id, cat, opex_group, amount, freq, due, paid) values
('OX-01','ค่าน้ำประปา (ส่วนกลาง)','utility',4200,'monthly','2026-06-05',true),
('OX-02','ค่าไฟฟ้า (ส่วนกลาง)','utility',12800,'monthly','2026-06-08',true),
('OX-03','ค่าอินเตอร์เน็ต/ไฟเบอร์','utility',2500,'monthly','2026-06-01',true),
('OX-04','ค่าเก็บขยะ','utility',800,'monthly','2026-06-10',false),
('OX-05','ค่าบริการกล้องวงจรปิด','service',1200,'monthly','2026-06-15',false),
('OX-06','ภาษีป้าย (รายปี)','tax',1800,'yearly','2026-03-31',true),
('OX-07','ภาษีที่ดินและสิ่งปลูกสร้าง (รายครึ่งปี)','tax',9500,'biannual','2026-06-30',false);

-- ── Mini-mart / shop ─────────────────────────────────────────────────────────
insert into shop_items (sku, name, cat, unit, stock, cost, price) values
('SH-001','น้ำดื่ม 600ml','เครื่องดื่ม','ขวด',48,5,10),
('SH-002','น้ำอัดลม กระป๋อง','เครื่องดื่ม','กระป๋อง',30,12,18),
('SH-003','กาแฟกระป๋อง','เครื่องดื่ม','กระป๋อง',24,14,22),
('SH-004','มาม่า (ซอง)','อาหารแห้ง','ซอง',60,6,10),
('SH-005','ขนมปังกรอบ','ขนม','ห่อ',18,8,15),
('SH-006','มันฝรั่งทอด','ขนม','ถุง',5,15,25),
('SH-007','ลูกอม/หมากฝรั่ง','ขนม','ชิ้น',80,2,5),
('SH-008','ผงซักฟอก (ซอง)','ของใช้','ซอง',22,7,12),
('SH-009','สบู่ก้อน','ของใช้','ก้อน',14,10,18),
('SH-011','ทิชชู่ม้วน','ของใช้','ม้วน',26,9,15),
('SH-012','ไข่ไก่ (ฟอง)','อาหารแห้ง','ฟอง',40,4,7);

-- ============================================================================
-- Reminder: this seed intentionally omits the larger generated datasets
-- (METER_READINGS, full SHOP_IN/OUT history, monthly REVENUE/PNL/WO_MONTHLY
-- series). Those are easiest to (a) leave empty and let real operations fill
-- them in, or (b) compute on the fly with SQL views once there's real data —
-- ask if you'd like views/materialized aggregates added for the dashboard
-- charts (revenue trend, P&L, maintenance spend).
-- ============================================================================
